sigla_uf,codigo_cbo_4,total_vinculos_ativos
RS,4110,6859
RJ,4110,6459
AC,1421,79
MG,1417,3167
SC,2124,844
SC,1417,1985
ES,4201,6
SP,2522,4467
MG,2124,2554
BA,5241,147
RS,2522,371
BA,1417,862
PR,1425,171
CE,4102,55
BA,1423,761
SP,1236,374
RJ,2032,368
MG,2141,77
PA,2153,4
SP,1223,22
BA,5211,450
MG,5211,887
SP,4223,2704
RS,3172,129
PR,4221,168
MG,4223,217
SC,5211,428
RJ,8622,846
SC,1421,1376
MS,5241,25
RR,2532,107
MG,1236,13
GO,5201,146
AL,4110,352
MG,4131,431
MG,4211,168
RJ,7153,6
SP,2531,536
RJ,7151,59
ES,9921,16
BA,3532,152
PR,3912,81
RJ,4131,357
BA,2124,69
GO,6201,1
AP,3542,7
RS,6210,19
PB,1417,173
GO,3532,313
MG,4101,1137
CE,3172,35
AM,2532,568
SP,2235,241
SP,2545,39
PA,4101,202
SP,3252,10
SP,8612,19
BA,1422,20
RS,3542,77
RS,3543,21
MG,2122,108
SC,2123,122
SE,2124,207
BA,2142,87
SP,2332,126
RJ,2251,21
RS,7641,1
SP,8485,51
RS,3132,11
RO,5199,1
PB,3517,39
RS,7156,16
SP,3511,277
SP,1237,62
RR,2142,5
PA,5211,77
IGNORADO,4211,39
IGNORADO,5143,17
AM,7152,4
SP,2233,7
MG,4222,23
MG,3514,95
PE,7170,55
PR,2031,7
MG,5134,30
RJ,9113,32
TO,4141,5
RJ,7155,29
MT,3532,192
MA,4213,17
ES,5211,117
RJ,2534,22
SP,6221,2
AM,2235,3
SP,6231,22
RO,4131,64
CE,8611,17
RS,2123,66
MG,2534,19
DF,3542,18
RJ,3412,118
MT,2221,9
RJ,1414,102
MS,1425,5
RS,1415,5
SP,4121,33
MG,3224,4
PR,2347,14
MG,2142,168
SC,2624,58
DF,4131,122
PA,6228,21
CE,5121,20
SC,7825,26
PE,5241,96
DF,5151,9
TO,5174,12
RS,9113,2
RS,4141,20
DF,3545,28
PE,3172,21
PR,3515,23
MA,6410,7
MG,3115,8
MG,2237,4
PE,2123,32
PI,5201,52
TO,5201,14
SP,3144,65
RJ,2145,8
AP,4101,17
BA,6225,10
CE,1233,7
SE,7632,28
PA,1425,24
DF,9999,7
TO,5211,30
SE,4102,9
SP,1112,13
SE,2523,8
RJ,2321,19
PA,7823,18
PE,6221,21
MG,3132,33
PR,7156,11
AL,2524,4
GO,4151,3
PR,2394,154
PR,7823,43
SC,3912,24
RO,2124,84
PR,3951,6
PA,2516,3
PR,7842,11
SC,7156,2
RJ,1312,20
DF,7170,65
PR,3121,21
SP,3722,29
SC,5135,6
MA,2124,7
BA,8621,13
MG,7241,20
MT,7741,5
SC,8214,1
RS,5173,9
GO,3312,49
PI,2124,41
RJ,9501,22
PR,2122,13
DF,3161,4
MG,9113,6
RJ,3134,2
PE,1311,9
PI,3132,14
TO,5134,2
RJ,7156,12
GO,7151,7
RS,5131,17
IGNORADO,2532,12
MG,2144,7
AM,1414,9
SC,1418,2
MG,2021,1
RJ,4151,22
RN,9144,1
MT,3731,3
RN,6210,11
SE,4221,20
RO,6210,3
RN,4131,11
BA,2524,38
DF,3514,8
MG,7630,1
ES,1425,29
SE,2142,14
CE,3545,32
RJ,3133,11
MT,7842,11
PI,3172,23
IGNORADO,5191,9
GO,3744,10
SP,2238,1
SP,8621,12
ES,5163,2
SE,3545,2
AC,6230,6
RJ,3252,2
PR,1237,1
MG,8621,45
SC,9101,3
MT,2512,26
MA,3421,2
RN,3912,1
AP,2522,4
SP,2147,13
DF,5173,11
SP,7252,2
SE,7631,5
MS,5162,1
PR,5173,16
PA,2394,5
DF,8401,2
SE,2524,4
RN,4102,9
TO,2527,3
SP,3425,25
PE,3011,3
MG,8415,2
MG,8214,2
SC,2122,18
SE,7313,5
PI,7827,4
RJ,3548,12
TO,3912,2
SP,8413,3
RR,2410,3
AM,7823,11
AP,5241,4
GO,3131,19
SP,7214,11
RS,2311,14
MG,9999,2
BA,9151,1
DF,3172,19
PR,9144,1
PA,2515,7
CE,5171,5
GO,3912,30
SP,7154,2
SC,6420,9
MG,3181,3
ES,1422,12
RS,6220,20
RN,8485,5
SP,3161,4
SC,2527,9
SP,2621,8
AL,3513,1
PA,3513,20
GO,9141,1
AP,5201,8
AC,5141,5
SP,7157,1
MG,7153,14
SP,2543,7
GO,8414,1
MS,3411,1
MG,1234,8
MA,2123,4
MA,1414,1
SE,3184,1
SP,3143,5
MG,9503,1
RN,5136,4
GO,9131,1
GO,3951,1
PB,3516,3
ES,2149,2
RO,1210,4
PA,3172,7
RO,9191,7
PB,1233,3
PB,7244,4
ES,7252,1
RS,5132,14
PR,2143,4
CE,2526,4
GO,7824,1
ES,7257,3
SP,7101,5
PE,3185,6
PR,2711,3
MT,2140,1
TO,1210,2
AL,7631,2
CE,3751,1
IGNORADO,3713,2
SC,2543,1
PI,3412,1
MT,7735,6
PA,8202,1
MT,3421,6
AC,2142,4
RO,9913,2
RO,4201,3
PB,3411,2
AM,4201,4
CE,7241,2
RN,4213,5
ES,3522,5
RS,2611,8
ES,3121,3
TO,5241,2
SP,9192,6
MG,5193,1
CE,9513,1
BA,1210,10
SP,7523,2
SP,3424,4
PR,3222,8
SP,8233,4
MT,7831,1
BA,9922,7
TO,6231,6
CE,1412,6
RR,1210,1
RJ,6410,6
PE,3522,4
ES,3123,2
MS,1411,5
SC,7313,1
PE,2212,1
SE,7152,3
RN,7102,2
GO,5163,3
TO,3123,1
SC,7841,4
AM,7822,1
PA,1237,1
PI,7156,1
DF,2112,2
RR,4211,3
DF,7663,1
MG,3341,3
GO,3425,3
RN,2531,4
SP,2629,2
CE,7711,2
MG,7201,2
PI,7170,3
PE,3751,2
DF,7102,6
GO,2235,1
PB,2516,4
PR,3425,1
AP,1425,6
AL,5134,2
RJ,4231,2
ES,7821,1
RN,3132,2
PR,6230,2
PI,7311,1
BA,2221,2
CE,7154,1
PR,9501,1
SC,7233,1
RN,7154,4
MT,2533,1
MT,7243,2
PA,1414,4
RJ,2623,1
SP,9191,1
RO,1236,1
SP,6225,2
BA,3132,4
RS,2392,1
AP,7102,1
RR,2124,2
GO,2394,3
BA,2394,3
RJ,3185,2
CE,7842,2
MG,9191,1
RJ,8213,2
RO,6201,1
PA,1114,1
BA,4231,6
IGNORADO,2624,1
RJ,3722,1
PE,5103,1
RO,7153,1
PE,2394,1
PR,5131,1
TO,2151,1
SP,2131,1
PR,2021,1
MT,2332,1
BA,7121,1
ES,3312,2
PE,7827,1
SC,1312,2
MS,2624,2
PB,2234,1
ES,1411,1
CE,1415,1
CE,2221,1
SC,7112,1
AL,3544,1
RR,9111,1
AL,8485,1
RR,6410,1
PR,1232,1
BA,2613,1
RS,1238,1
AC,7151,1
PE,9913,1
ES,9112,1
RJ,7633,1
PR,9191,1
RN,3423,1
PA,2612,1
SE,1412,1
AM,1427,1
SC,7155,1
RO,7243,1
PA,7822,1
PA,7824,1
TO,1221,2
RS,7250,1
MG,1418,1
IGNORADO,5201,1
PB,3911,1
MG,7662,1
SC,1224,1
DF,5136,1
SC,9503,1
SE,9922,1
MG,4110,9214
GO,4110,2836
SC,5143,415
SP,2142,718
SP,1425,5185
SP,1421,19221
MG,2523,332
BA,3513,31
AM,4101,114
ES,4132,4797
RJ,5241,532
MG,3532,612
SC,1423,1347
RN,4132,2559
PB,1421,422
RS,2410,183
GO,2532,2201
RJ,3517,1370
MG,1233,85
PR,2524,457
DF,3131,13
SC,2142,53
AP,4132,505
RJ,2522,1049
RS,1210,216
DF,1231,110
PR,4110,8240
BA,5143,126
PI,4223,313
PB,3541,89
PI,5211,228
BA,7823,24
MS,3517,85
GO,5143,357
RS,2524,300
ES,4221,29
DF,4211,26
RJ,5143,572
RO,1423,238
SC,3117,1
PR,5143,285
CE,4213,69
DF,3132,22
PR,4131,233
ES,9913,10
ES,3516,8
RO,3517,178
RR,3541,9
DF,5241,117
RS,4213,271
AL,2525,49
GO,2521,276
RJ,4201,171
AP,4110,82
PE,3532,95
SP,3542,1094
SP,1144,7
PA,2521,142
AL,3542,3
RJ,3132,116
SC,2512,44
PE,2523,38
SP,7155,41
MT,2612,19
SP,1414,143
MA,1114,118
AL,1421,267
AL,7151,46
SP,3516,229
PI,2532,203
AM,3541,83
MG,1416,6
SC,5201,209
PR,3511,214
SP,1115,161
PR,7832,15
PR,7825,62
PI,3411,2
GO,1233,29
SP,2412,27
BA,4223,52
MT,3545,24
PA,6231,6
TO,4221,9
RO,4211,54
MT,6410,22
PB,4221,14
SP,4151,41
SP,3544,28
DF,4201,34
PR,3911,21
RO,5211,62
PE,3421,8
MG,7831,5
RJ,3511,20
PR,3514,58
SP,6410,71
RJ,4102,208
PB,2525,51
MT,3188,10
RS,2512,102
PA,3532,67
PI,1421,161
DF,3516,19
PE,1424,17
PI,1417,80
CE,7601,2
ES,2123,20
SP,7301,2
SP,6230,14
BA,4141,22
RS,7623,5
PI,9111,1
CE,4122,23
DF,2251,33
MT,2531,8
MG,8181,5
AP,7823,4
RS,1414,14
RO,2522,68
SP,4142,23
RJ,5133,8
IGNORADO,4110,19
RJ,3911,71
MG,1414,37
RS,2112,19
PR,8625,1
SP,3519,26
AM,2525,66
PA,5201,40
SP,7242,37
RJ,8485,98
GO,1231,48
RJ,3547,1
PI,3911,18
PE,5191,21
SP,8212,1
RN,7825,16
PR,9999,22
CE,3912,9
RJ,2311,11
GO,3171,19
CE,2251,2
SC,1115,10
RJ,9541,5
MT,2142,37
SC,1426,18
RS,3171,104
SP,1313,21
AL,5211,50
RN,4122,8
CE,5142,8
PA,3912,2
GO,5135,6
MG,5132,33
BA,7152,58
SC,3011,1
RJ,8621,8
PR,2611,11
DF,2612,10
MG,1411,6
RO,5201,20
RJ,1424,45
RS,7321,5
RS,9141,1
ES,1426,7
PA,5121,2
AM,3421,3
RR,5132,1
RJ,2617,2
RS,3511,21
MG,5173,5
TO,1422,10
PE,1312,1
AC,2521,5
MT,7233,1
DF,1427,10
PR,2332,12
PR,4211,36
PI,2525,62
AL,5201,22
PI,4131,20
BA,2624,6
PR,3185,4
MT,1414,6
MG,2234,12
BA,2251,5
MG,3141,6
MT,1424,8
RS,1236,4
CE,7221,3
CE,7156,3
CE,5134,34
TO,7153,1
RJ,9102,2
AL,7154,1
MT,2331,1
RS,9513,6
MT,3211,3
CE,1232,2
BA,5199,8
SP,7632,12
RO,4213,32
PB,3121,6
RS,7825,37
RJ,9101,7
SC,1413,4
GO,2527,14
CE,2534,7
ES,2533,5
AL,7153,10
MT,3121,10
MT,3951,1
AC,1416,1
DF,3133,9
RO,2141,3
MA,1236,1
PA,1222,3
MG,5171,3
SP,7828,1
MT,9101,2
PE,2153,3
SP,2544,15
MG,5103,12
RJ,8211,2
PE,3213,4
MG,2412,11
CE,7613,3
BA,3133,3
RS,3741,4
PA,6201,1
ES,3515,7
RJ,3111,2
AL,2523,9
MG,6301,2
BA,5134,12
SP,7741,6
RS,3211,9
PR,7827,7
SP,7212,8
MG,8483,1
AM,6220,5
DF,1411,2
AL,3122,3
MA,7241,4
BA,3121,3
AM,3912,6
PB,2112,2
PA,2526,4
MA,2612,5
PA,2235,2
SC,2526,8
AL,5121,4
RN,4141,4
RN,5132,4
ES,2624,3
RS,1233,23
SP,7711,8
SP,7254,5
PA,2149,5
AM,3117,3
MS,9922,1
AC,1425,1
SC,5191,7
PE,1224,2
MS,3132,1
SP,5161,1
SP,2424,2
SC,3522,2
MG,5131,1
AP,7166,1
RS,9112,4
SP,7630,3
CE,7151,6
SC,3212,1
SC,3544,5
SC,3331,3
PE,2613,1
AP,5211,14
RN,3131,5
SC,9511,1
RR,5134,3
SC,1311,7
PR,1416,6
PB,1210,5
RS,2621,7
SC,6321,13
MA,2513,1
AC,9102,2
RS,6321,4
MG,1114,1
RJ,3146,4
PA,1227,6
SP,1238,12
GO,2612,8
AC,1411,1
RS,2143,4
RN,3911,3
PE,2332,2
MT,3423,3
CE,7824,2
AM,2149,13
AC,1233,1
RS,7166,4
GO,7827,5
RS,5103,2
GO,6233,1
SP,8624,1
BA,3117,1
CE,6210,2
ES,6231,8
SP,8211,9
RJ,2348,7
PI,2512,1
SP,3422,5
SC,1236,4
GO,1237,1
RJ,9913,6
SC,2515,8
RR,5191,4
RS,7662,1
RO,2624,7
GO,1412,5
BA,1223,2
CE,5136,2
TO,3121,4
GO,5199,1
MT,9921,1
MS,6226,2
SP,2236,2
MS,4223,8
AL,2531,1
SC,8117,4
PA,1411,2
RJ,9542,1
PI,3211,1
RR,3545,1
ES,7152,7
MG,3133,6
SE,3911,1
ES,2235,6
DF,7241,2
PB,4222,1
MS,6231,2
MS,5135,2
GO,2424,1
AL,3545,2
PI,1427,1
SP,7603,3
RS,7822,2
SE,4213,2
BA,2711,2
MG,3123,1
MT,3185,2
AM,4122,3
CE,8414,1
SP,2212,2
CE,2612,1
DF,5152,4
MG,3548,6
MA,1425,2
RJ,2711,2
SP,7622,1
SP,3187,4
BA,2021,2
SC,3714,2
MA,1422,2
RO,5135,1
SE,5142,3
RJ,9502,1
DF,3148,1
TO,2332,1
MG,9543,1
PA,4142,1
AM,7102,2
ES,7827,2
PI,5142,1
AC,3131,1
RS,3951,1
MG,5101,2
PI,6201,1
AP,7825,1
PE,3543,1
PB,2527,4
MS,3912,2
GO,7321,3
SP,2344,1
RJ,8483,4
PI,1210,2
SC,7711,2
RO,7250,2
DF,2526,2
PB,2526,1
AM,2413,1
RN,2123,1
MG,1226,3
SE,1231,1
ES,1413,1
PA,9144,1
RS,8117,1
RS,3121,2
PA,7101,1
CE,9531,1
PB,3511,1
RO,5121,2
ES,7212,1
MG,7212,3
SP,2148,1
RN,7153,1
RR,2524,1
RS,1115,1
MG,3241,1
MG,2211,1
AM,2311,1
MA,2624,1
RJ,9531,1
BA,1411,1
SC,2394,1
BA,1221,1
RS,3133,1
PR,2413,1
SE,8418,1
DF,2331,1
SP,2133,2
PB,5121,1
PE,2112,1
MT,2532,2645
PB,2532,611
MS,4132,2909
PR,4132,15964
PA,1417,520
SP,2032,916
RS,2532,5902
SC,4132,12118
DF,1425,33
DF,5211,386
SC,2532,6214
SP,2410,3886
SP,5111,10
SP,2612,488
SP,3517,8705
SP,2533,2654
PI,4132,2196
MG,2123,234
RS,2521,971
RS,2142,130
MA,2142,32
RS,3341,12
PE,5211,279
CE,4110,1552
RS,5143,308
PR,3011,18
MA,4221,15
RS,5211,402
CE,5211,442
SP,3132,107
BA,5174,62
GO,5173,7
GO,7842,19
MG,3517,1021
RS,3517,777
CE,4211,133
AC,6410,6
SP,5173,146
PB,5241,94
RS,4211,187
TO,4110,238
SP,7152,225
MG,3545,146
MG,7643,7
ES,1423,737
MA,1423,131
TO,4131,28
SC,5134,27
RO,3545,16
PI,3532,11
PR,4101,949
RJ,4101,1149
RO,2532,700
CE,4101,277
MG,1412,61
MT,1423,509
DF,2524,96
DF,1421,503
PA,2410,107
MT,4102,42
ES,1421,625
PE,4152,33
ES,4101,380
RR,1421,28
MG,3542,257
MA,1231,16
AC,1417,54
PR,1411,2
PR,5241,203
PR,3544,4
SE,9113,1
SP,5174,337
PI,4122,14
SP,7825,216
MG,2112,89
MG,1312,11
RJ,1231,210
CE,1422,35
AM,2142,21
RJ,2153,9
GO,3714,107
RN,3517,38
DF,4221,63
AM,4141,33
GO,4131,283
AL,4121,2
PI,2112,10
MG,4141,76
PI,2524,31
DF,7243,18
SP,5133,28
MG,3211,57
MS,2524,36
GO,6231,18
PB,4102,5
RJ,5162,3
PE,7825,20
PA,4131,40
PE,3514,12
TO,1231,6
BA,2612,12
PR,2612,28
PR,3421,16
GO,1311,2
RS,2031,3
AM,2122,34
MG,1210,122
CE,8401,1
MG,1426,87
PR,4121,12
SP,9113,18
PB,2141,6
MG,2140,20
MG,4122,53
GO,3514,95
BA,4131,84
RS,2531,23
MS,2523,37
AC,5211,62
MG,4142,10
SC,3545,15
AC,3121,3
RJ,5135,23
RJ,5131,5
SP,3224,16
AC,3172,7
PA,4213,22
PR,7102,22
PE,5101,2
SC,4201,60
SC,3516,21
MT,2523,54
SP,8202,1
PB,7313,1
DF,5135,17
RN,2141,6
PR,7242,7
PE,6231,3
SP,4241,13
PE,3545,24
MS,6430,2
SC,7842,18
SC,2031,63
DF,3532,68
RJ,1416,17
MA,2512,5
TO,3141,1
ES,3545,36
SP,2134,26
PA,2140,3
MA,2410,20
MT,3132,4
DF,2711,3
MG,3311,11
MT,7825,36
MG,7827,10
RS,3744,5
SC,2534,18
SC,6210,5
BA,2140,4
MA,1412,4
PE,3516,20
SC,2112,38
GO,7155,11
PB,1415,2
RJ,2531,55
MA,7170,26
ES,7155,5
SC,3211,13
SC,5121,12
MT,1416,8
MG,8601,5
SP,2021,10
AL,5241,39
PE,2611,7
MS,4102,13
PR,7155,12
PA,7102,1
SP,7612,9
TO,3911,3
MA,6220,16
MT,5132,10
AM,1411,1
RN,3171,6
ES,1210,13
SE,3133,2
PE,2221,1
RS,1313,3
MG,1222,3
SC,5174,9
PE,1427,7
SP,2513,4
SP,2312,6
PI,2141,7
PA,1426,4
MT,1231,23
PI,2515,2
PE,5152,3
SP,2711,24
TO,3532,18
TO,7825,13
PR,3224,8
AP,3513,6
ES,1416,2
RJ,3543,3
DF,1233,18
MT,1312,2
PE,8101,1
SP,5231,8
DF,2032,3
PB,2624,3
RS,3516,10
MG,3182,2
MT,7711,8
RO,1412,6
ES,3172,15
AM,7832,2
RO,7823,4
PR,3548,4
SP,1418,3
PE,7102,9
SP,1114,5
MA,3545,18
RN,4211,20
AL,7102,7
BA,2332,2
RS,3714,7
BA,2144,1
MG,3546,7
SC,2611,6
PA,2151,3
RO,5134,8
PE,5134,12
RJ,3123,10
BA,1424,8
SP,2618,10
PE,2149,5
SE,7601,2
SP,7421,1
PE,1233,8
BA,6226,3
RS,6110,1
PI,1412,1
MS,4131,5
RJ,7157,1
PE,2239,2
PR,3133,1
GO,2251,2
BA,5142,9
MG,7824,6
MT,3912,2
RJ,2544,2
SC,2149,11
RS,5191,4
RS,3222,5
AL,4141,4
RJ,3426,10
CE,6321,2
SC,7232,1
PR,1313,1
RJ,4241,5
CE,3411,4
RN,1412,4
PI,7823,7
ES,6430,1
ES,3211,1
PR,9511,3
MG,7112,5
RR,2523,6
BA,4212,2
MA,3912,3
ES,3181,1
PE,2711,3
PA,1233,10
RN,7823,9
BA,3912,10
PR,3322,1
AL,5174,4
TO,3421,1
SP,7211,3
SC,8621,1
TO,7151,15
TO,2524,5
RO,1237,1
GO,3523,1
PR,5165,2
BA,2153,2
PE,4222,4
MA,5142,3
MS,3121,5
SP,7202,1
SP,7213,2
DF,7734,5
GO,9913,1
PI,5134,1
SP,7245,3
PR,6201,3
SE,2527,2
MT,2149,3
GO,2516,3
PR,3003,1
RS,1427,4
AM,3513,1
RJ,7112,4
MT,2237,1
GO,7153,2
DF,1413,5
PE,7841,1
MG,3183,1
TO,2512,3
AP,5132,3
SP,8622,1
RS,3331,1
BA,9542,1
RN,6410,1
AM,5241,4
RJ,7212,5
TO,1416,3
AC,1414,1
PR,8181,4
MG,3951,4
DF,3122,3
ES,7251,1
PE,1412,4
PE,5173,8
PB,5191,2
MA,1424,3
AP,5191,1
CE,3185,1
MG,5111,2
SP,6223,1
TO,4121,1
RS,3722,5
AL,9921,1
RJ,1411,1
MA,7243,1
SP,7751,1
MG,7610,2
RR,7825,1
PR,2331,3
PE,2140,1
RS,7640,1
MS,3211,1
SE,7321,4
SP,5163,5
IGNORADO,9144,2
MT,5151,1
RJ,7606,1
TO,6230,1
MA,3524,1
PR,7165,1
PB,5174,6
RS,7827,1
PE,9191,1
PI,5132,1
MG,2711,1
AM,3185,3
AM,1413,1
MS,2123,2
SC,3426,3
AL,2611,1
DF,5162,3
SE,1422,1
RJ,6301,1
SP,2232,1
RJ,2033,1
DF,2140,1
MA,2711,1
BA,2513,1
RJ,3011,1
CE,8481,1
RS,1234,1
MT,3515,1
RJ,9112,1
DF,9501,1
AM,3514,1
AM,5132,1
PR,7163,1
RJ,8481,1
GO,9101,1
PR,2132,1
IGNORADO,2153,2
SP,7686,1
ES,2312,1
MA,5133,1
BA,9501,1
MT,6230,1
BA,3122,1
PR,7244,2
MG,5152,1
AL,9531,1
AL,1237,1
PR,3134,1
TO,1115,1
ES,7321,1
SP,3541,8693
SP,4102,1733
ES,2532,1045
SP,1417,11546
SP,2524,4272
RJ,2525,2297
RJ,3516,68
GO,2525,742
BA,3172,19
MG,5241,361
RJ,2149,101
RJ,1423,4179
MG,1231,308
RJ,2410,956
PA,1423,253
MA,1417,283
RJ,3171,365
SP,3951,354
RJ,1115,431
DF,1426,29
PR,2153,22
RS,2523,182
SP,3911,411
RS,2141,54
MT,1210,55
RJ,2521,1592
SC,1232,5
DF,1210,37
PA,1412,14
DF,2142,215
CE,2410,56
SP,1412,241
PR,2142,120
PB,4110,552
PA,5142,80
CE,5241,204
SP,4213,1085
MA,2532,550
MS,5143,37
SP,3545,599
RJ,2346,46
MA,3541,147
AC,3341,167
PR,5211,838
RJ,3541,1174
MA,4141,17
SE,4110,527
SP,7170,262
AL,5143,39
RJ,4221,181
SP,3714,21
TO,4211,17
MS,5132,2
RJ,4141,82
BA,3541,388
SP,9922,30
SE,1421,124
PI,4101,45
SP,3912,491
SP,5201,2274
SC,1231,196
AM,2521,45
MG,7151,21
SP,5141,121
SP,7823,483
PE,5201,183
DF,4122,25
GO,1411,3
PR,2521,1031
MG,7825,40
MG,7822,9
AL,4142,11
PA,5132,1
PE,2124,175
RJ,5174,188
CE,2521,171
MT,3517,107
MS,3532,95
SP,7827,57
PA,2522,181
RN,2522,16
SP,3122,27
SP,2144,56
PE,2524,100
RJ,7152,101
MT,2521,255
MG,1422,178
RJ,1427,86
BA,2521,177
MG,2624,82
SC,2522,273
CE,2124,98
RJ,3222,27
SP,3515,154
ES,2512,70
SC,2524,346
SE,2525,17
SC,3171,185
MG,4201,150
ES,3532,39
DF,5134,23
RS,3522,4
PE,4221,52
RJ,3172,109
RJ,8601,109
SP,3522,120
AP,2142,3
SP,1234,27
SP,3411,44
PA,4221,22
BA,3171,7
CE,5143,145
CE,4222,27
PR,7311,4
DF,5142,117
ES,4141,24
SP,5193,9
SP,7311,94
CE,6230,1
ES,7151,131
GO,3311,57
SP,3744,35
SE,3517,29
MG,4153,17
MG,2235,20
RN,5201,37
MT,5201,47
DF,2123,43
MT,2524,98
MT,1425,25
CE,2533,2
ES,4102,44
SP,7321,5
DF,1114,89
PE,2251,45
DF,3171,30
AL,1417,110
MG,5121,29
PE,4121,10
SP,2241,14
MG,7155,93
RJ,3912,76
RS,2394,10
CE,2122,10
SP,4222,78
PA,2524,85
SC,5103,5
PB,3532,34
RR,4101,9
DF,1412,6
BA,6220,18
RJ,2221,12
RJ,1232,26
AL,4221,15
AC,7170,4
RS,3513,34
AC,4141,23
MT,6231,27
RJ,7822,17
GO,3222,6
DF,2624,11
BA,4102,39
MG,9111,2
PR,3742,13
RR,3532,11
SP,3732,6
CE,5243,23
SP,7841,15
BA,3222,28
SP,1222,16
MT,5121,8
PE,4211,79
RS,1312,1
TO,6201,4
MG,1427,20
MT,1233,8
MT,5199,1
AM,5162,3
SC,5199,2
ES,2521,109
PR,1115,14
SC,1416,4
SC,2531,27
RN,2512,2
TO,2522,33
SP,6321,1
SP,7153,25
PE,5231,1
RJ,2611,17
PR,2344,38
RJ,9141,1
PE,4223,15
GO,1114,49
GO,4201,46
RJ,7821,5
MG,3163,2
SE,1416,1
CE,8483,6
RJ,7166,7
SC,2141,26
RJ,1112,1
PB,2142,28
AL,4211,10
PB,4121,3
AM,3132,2
DF,4151,3
SC,5142,14
GO,3522,7
AM,2624,10
MA,2221,12
ES,2143,2
MG,3421,5
GO,7822,6
CE,3514,7
RJ,3144,11
RJ,7711,1
MT,7832,7
RO,3514,17
RN,8211,4
DF,3511,3
SE,5143,26
MA,7825,6
GO,3548,2
ES,2526,1
RO,9921,28
RS,2526,6
RJ,2134,7
MG,5142,27
GO,4241,1
GO,3511,11
MS,8131,7
MT,7827,3
AP,1227,3
SC,8202,1
PE,3224,29
SP,2614,4
PB,1231,12
RN,4221,15
PI,9144,2
ES,2332,3
TO,7244,7
GO,1115,6
MS,1412,5
GO,6120,1
MT,7155,2
PA,5141,7
PI,8621,3
MT,5135,7
RN,2527,2
SC,7721,4
RN,2524,6
MG,1311,12
DF,1414,13
PE,8485,1
MS,5191,1
PR,2615,2
PE,9503,2
AC,6231,3
GO,2533,2
ES,2212,3
PA,2112,6
GO,5103,1
MS,4121,4
CE,5135,8
MG,8414,1
CE,2624,7
MA,2233,7
AM,5135,2
MG,3227,1
PE,2151,22
MA,5141,6
RJ,3546,1
SP,2627,3
GO,2621,2
CE,1427,11
ES,5142,5
RO,2527,18
CE,7102,9
MG,1413,22
SC,3911,14
MT,1114,1
GO,5131,4
AL,5132,1
GO,7841,7
IGNORADO,5174,2
SC,4142,2
PE,2111,1
RO,5132,2
PA,5174,7
DF,9513,2
PR,3131,7
MS,2527,3
PE,1114,3
ES,1412,7
RR,5174,1
MA,5132,4
IGNORADO,2515,1
PE,2612,3
SC,7243,4
SE,7824,2
PR,3411,9
SC,1424,9
PE,6230,3
PE,9102,3
SE,2512,1
ES,4122,8
AM,1416,2
AM,3515,1
MA,4222,3
GO,9113,3
AL,9191,1
MA,2145,1
RS,8131,1
RS,7632,1
MG,2613,2
AP,5134,2
AM,5199,1
IGNORADO,1421,2
MS,5134,4
MS,3546,2
PR,3714,1
BA,1232,3
PR,8483,1
SE,2410,11
RO,7170,5
PR,5242,3
RJ,3187,3
PE,2424,1
SC,7151,3
RS,3421,4
MA,3117,5
RJ,8212,1
CE,1416,2
PR,5135,3
RJ,2030,2
GO,5243,3
MT,8485,1
GO,2112,3
AC,6201,2
CE,2235,1
TO,1426,1
PA,3132,1
RO,2149,1
PR,2516,3
SC,1238,2
AP,2410,3
ES,4213,5
RN,2711,1
MG,3117,1
MT,7111,2
MG,9101,3
MA,4231,1
AM,1231,3
ES,7244,3
GO,2618,1
SP,3003,2
RS,9999,2
MG,8418,1
MA,7155,5
PR,8601,1
AP,4223,4
SP,7821,3
BA,6420,1
AC,2141,1
RO,1112,2
RS,2237,1
MS,4211,11
RN,5199,1
PA,2234,1
PI,9922,1
AL,7828,1
PA,7154,1
PA,6230,1
GO,4142,2
AL,2153,2
PE,3546,2
CE,3515,2
GO,6230,1
RJ,5242,2
MA,3515,1
SC,5193,1
ES,4121,1
TO,3163,1
PR,5103,1
MG,7612,1
PR,9503,1
RR,6210,2
PB,3224,1
RN,6220,2
RJ,2222,1
MS,5152,1
PB,1426,1
MT,2623,1
DF,5141,2
RS,2251,1
GO,2711,1
PR,3184,1
MA,3911,1
BA,2611,1
GO,2241,1
RO,3544,1
SC,3144,1
ES,3115,1
RJ,1234,1
AL,7243,1
AL,3121,1
ES,7111,1
MG,1221,1
SE,5191,1
PA,2527,1
AP,1112,1
AC,5142,1
BA,3511,1
MG,3423,1
PB,1312,1
GO,1416,1
BA,5111,1
GO,9111,1
RN,1426,1
AP,3517,1
RJ,2627,1
MG,9921,1
GO,9921,1
PI,7243,1
TO,4213,1
GO,8181,1
SP,1423,37510
ES,4110,1523
PI,3541,86
PE,4132,6600
RJ,1421,3145
MT,1421,732
SP,2512,2245
MA,4132,3310
MG,2524,523
RS,1417,1873
BA,2410,63
GO,4132,6861
RJ,2143,363
DF,4102,77
RS,1423,1264
AM,4110,475
CE,1421,707
CE,2143,20
SP,2031,129
PR,1231,151
RS,2124,680
SP,3121,157
SP,5211,3037
PE,2522,285
MS,2142,21
GO,1227,16
PE,2142,94
PE,4102,71
DF,4110,2088
PE,3541,327
CE,3541,441
BA,7241,11
SE,3541,91
SP,7151,50
AC,4110,745
AL,7152,13
GO,3541,629
RN,4110,559
SP,7842,153
MG,7170,265
SE,4101,51
RN,5211,70
SP,3172,589
GO,5241,175
ES,3541,577
SC,4213,239
ES,9531,13
RJ,2524,467
PR,4223,357
RS,3515,40
SC,4102,265
SP,9513,67
GO,4221,197
DF,2521,276
MA,4121,1
AP,2532,95
GO,3513,86
GO,4211,59
SC,3532,288
TO,2523,21
RO,3541,248
CE,3532,54
PI,4102,35
PE,3542,54
RJ,3515,55
DF,4101,201
RS,2111,47
MG,3121,37
MS,2525,224
RJ,4142,69
BA,1414,11
AL,3532,21
SP,5101,29
AL,1423,78
PR,2123,85
MS,1417,432
ES,3411,1
MG,2394,30
RJ,1422,202
SP,1232,112
PR,2111,261
RJ,3514,42
MG,3912,105
SP,5121,137
BA,7211,2
SP,3421,79
PR,1424,18
RJ,1236,66
PR,3513,41
SC,1427,17
AL,2141,6
PA,2141,21
MA,5241,19
GO,6210,42
ES,7832,27
RS,5241,244
AL,3541,53
SP,5142,123
SE,3511,6
PR,5199,6
TO,3541,39
RO,2521,52
MG,7102,54
GO,7241,3
GO,2522,199
RS,2533,42
MG,2238,1
RO,2123,28
GO,2410,74
SC,2523,109
SP,5103,44
AP,1421,38
SC,5132,15
GO,2143,16
SP,2331,13
RS,1425,158
GO,1425,29
RJ,7823,129
PB,1423,113
PA,3542,51
SP,8483,21
BA,4221,99
GO,9513,2
DF,2149,14
RJ,3122,18
SP,9501,16
PR,9101,9
RN,1210,9
RJ,1227,62
MA,4211,20
AM,4131,5
SP,5191,101
RS,8414,19
AC,3412,15
PR,7152,62
MT,3514,27
RO,5174,4
PB,7152,6
AC,3532,17
RO,6410,2
DF,7151,24
SC,3514,51
MG,2614,1
GO,2141,23
MG,3911,100
MG,7842,5
MG,1313,24
PE,5142,51
BA,7832,4
BA,5141,11
SE,1423,63
PE,1232,2
MA,5211,87
RN,7170,26
BA,2111,5
CE,5141,32
PB,7825,8
CE,2516,3
SE,2123,70
GO,3132,23
RS,2312,19
PR,2526,18
RJ,3121,32
MG,7243,25
MG,7631,2
BA,3545,48
RO,3542,15
SE,4211,14
PA,1210,8
MG,6210,58
RS,7243,1
MA,5174,18
RS,2624,14
PI,3171,25
MG,3513,40
MT,3115,1
RJ,3522,27
GO,3543,1
BA,4151,3
SP,2152,1
SE,5241,36
SP,9144,27
SP,6323,1
PB,1422,7
RJ,2526,22
PR,2412,7
MG,5199,10
RN,2523,20
BA,2141,22
SP,7156,32
MT,1426,4
SP,5162,13
RJ,3523,2
BA,2143,4
BA,3516,10
AC,4211,7
RJ,2021,3
RJ,2112,54
PB,2410,4
PI,2332,9
SE,3171,13
DF,3224,1
ES,5152,1
SC,3515,19
MG,5153,3
PA,5243,5
PI,5199,4
MG,9501,4
DF,3546,3
PR,6226,1
MG,7640,8
CE,4201,42
SC,3115,10
SC,7733,5
AL,1412,1
RS,1424,8
RN,2144,1
PR,1413,2
GO,5142,36
AL,7823,15
PI,7825,4
GO,7244,5
MS,9111,2
PR,9513,16
CE,2149,13
BA,2149,6
RJ,3421,25
RN,8601,3
PR,1427,14
MG,6110,1
MS,1233,6
PA,1231,23
CE,7631,4
PI,3542,2
AC,5134,16
SP,7735,12
MS,2533,2
TO,7102,3
CE,2153,7
CE,1414,11
MT,9113,1
SP,2221,28
RN,3951,15
PA,2145,1
SE,2533,4
ES,1114,13
MT,9541,9
MA,9511,1
MS,3514,8
DF,2111,6
SP,7822,9
PA,7825,9
RJ,1226,3
PR,9922,5
ES,4231,1
RJ,7244,16
SC,3411,10
TO,3545,14
RS,7842,8
MG,3722,3
AM,4221,7
RO,7731,2
SC,5131,2
SP,9151,4
PR,3744,5
PE,7151,7
RO,7257,1
PE,2211,5
RJ,7523,11
PR,1238,4
AP,2141,5
RN,4201,4
TO,3516,3
AM,5174,13
RS,7155,4
RS,5135,13
GO,3224,1
GO,3184,1
PR,7153,4
BA,7631,1
AL,3132,2
SC,2347,1
ES,7823,10
SP,8213,2
MT,7151,11
MG,2233,13
PI,2624,9
AP,4102,5
BA,8131,3
AM,2141,8
PR,1426,15
CE,3516,5
ES,2122,7
SP,7652,4
RJ,8415,1
MS,2612,3
CE,2422,1
PR,3331,8
MT,2534,4
DF,3548,3
RJ,3180,2
SP,9913,4
PR,3412,1
CE,3123,4
ES,7663,1
GO,9511,11
MS,5121,6
ES,3131,3
DF,2516,4
ES,3222,2
TO,9503,1
RS,3751,2
SC,7603,2
SP,7606,7
RJ,2616,2
AP,2515,1
RJ,5101,9
PA,2513,1
MA,7151,2
AC,2527,2
MT,5165,1
CE,3522,9
RJ,2133,5
IGNORADO,7152,7
PR,8612,4
AP,1427,1
BA,1412,1
ES,3171,12
MT,1227,8
DF,3547,1
AM,2512,6
MG,3413,1
CE,2237,2
CE,2140,4
PE,2237,3
PR,4151,2
TO,6210,9
CE,2112,1
MT,3212,7
SP,5166,1
MG,3412,3
AM,3542,2
PB,3514,3
SP,7201,2
PE,5162,6
SC,2346,3
GO,8131,4
AC,4213,1
BA,7842,10
MA,3172,2
BA,1112,2
AL,3011,4
SP,7233,3
RJ,2621,3
SC,2516,1
RJ,3544,5
SC,7822,2
BA,1416,4
GO,9102,3
ES,1233,3
SP,2623,2
MT,2611,3
MS,8601,1
DF,7250,3
RN,5191,3
RJ,7154,1
PE,2526,6
RJ,2629,1
DF,6410,2
PR,6321,1
AC,3517,5
SE,5174,4
SE,8115,5
RO,3171,6
RS,9101,2
RN,3515,1
MS,2531,2
MA,6420,1
CE,2394,6
ES,1238,1
PR,8484,2
DF,6230,4
ES,3722,3
RR,3141,1
PE,3252,1
PR,3115,1
SE,1311,1
SP,1142,2
SE,7170,1
MS,2233,1
CE,3011,1
MG,3011,2
MS,1424,1
AP,7155,1
PE,5153,2
MT,9144,2
MG,2031,3
SE,1115,1
ES,5141,1
MG,3188,1
SC,1415,1
MG,5243,1
RO,5162,1
ES,9191,3
RJ,9153,1
BA,7827,1
MA,6210,3
PR,3212,1
ES,7311,2
SP,3112,1
RO,2516,1
RS,2145,2
MA,5173,2
MT,5191,2
MS,7825,4
RN,4231,1
GO,9922,1
PE,2534,1
SE,5141,2
AL,3516,2
RR,7102,1
MG,2621,2
PI,4141,2
PA,5101,1
SE,8485,1
SP,8101,1
ES,7156,1
DF,3123,1
RS,3321,1
PI,6210,1
RN,2543,1
PI,7102,1
RN,1418,1
PR,1222,1
PR,5243,1
TO,2149,1
PA,8110,1
MG,7603,1
MG,7163,1
RR,5241,1
AM,3121,1
TO,1112,1
SP,2525,31610
SP,3171,2580
PR,2141,42
SP,2122,2459
SP,1422,1225
AL,4132,2199
SP,1312,89
RJ,2124,1528
PR,1417,2128
MG,1421,3302
RO,4132,1949
MG,2525,2825
PA,1424,26
PA,1115,282
MA,2141,14
PB,4132,2985
PR,1423,2727
DF,2143,43
DF,1417,315
SP,1227,955
GO,2142,58
SP,1233,791
PE,2410,312
PA,4110,1356
PR,1210,72
PA,2532,1201
MG,6231,29
RJ,5112,43
SP,5143,2027
MA,6231,3
MG,4221,256
PA,7842,3
CE,7155,12
MS,5141,6
RN,5143,33
RS,3541,868
RJ,5141,38
MA,5135,10
SE,4141,17
RN,2525,46
MG,7152,206
RJ,8623,509
PB,4122,7
AC,5174,194
DF,5143,189
SC,4211,132
GO,2512,52
RS,4131,285
ES,2524,41
SP,2516,55
MG,2531,115
AL,7155,4
SC,7170,14
AM,3517,59
BA,2523,60
PI,4211,50
SC,3222,4
RN,2532,381
RJ,2523,455
SP,4153,28
SC,7823,28
ES,6410,66
RR,4132,442
SP,3011,16
MT,4101,181
TO,4101,57
RJ,3411,3
AL,7825,61
RO,4102,116
MG,4102,342
SE,2532,240
PR,3545,102
RJ,3413,56
SC,2153,17
MG,2533,45
SP,2611,133
DF,2512,28
CE,1417,326
TO,1417,174
DF,1424,25
SP,3142,3
RS,2122,39
SP,3131,349
MA,3211,43
RO,9144,96
DF,3222,20
DF,2232,11
MG,4213,310
RJ,2140,20
PE,1422,45
MG,1227,107
PE,2516,9
PE,5143,187
MS,5211,65
SP,3251,1
RJ,5142,50
RS,7170,42
RJ,4212,1
MT,6220,13
RO,1421,300
GO,2524,160
RR,4110,49
SP,3212,6
MT,5173,5
PR,2527,5
SP,2033,7
GO,2123,15
TO,3115,1
AM,5201,31
PR,3171,82
PA,1422,21
SP,6220,139
RS,2221,9
PE,2235,59
PE,4151,2
PR,3516,20
BA,4211,43
MG,7832,19
MS,4122,6
TO,2141,5
PE,5121,9
PR,2251,8
SP,3546,24
MT,5174,20
RS,7152,29
SC,2533,10
PE,2527,17
ES,4142,19
MT,3544,2
BA,2145,3
MT,3171,12
MG,2111,24
AP,1417,35
AM,2523,22
PA,3516,8
SC,1425,154
MS,2522,10
SP,1224,17
TO,1424,3
PB,4101,94
SE,7827,1
CE,5191,42
CE,5174,49
AP,3751,4
CE,6220,11
RS,2346,7
RR,5201,4
RJ,7250,3
MG,9102,3
GO,2624,19
DF,2533,10
SP,3185,53
BA,3544,1
MG,3186,4
ES,9131,10
MT,6120,1
SC,1412,13
SC,7102,11
MT,3144,9
CE,2412,6
CE,2142,41
RO,3515,9
RJ,6231,5
AP,1423,15
SC,2332,5
ES,2531,10
AC,3133,3
RJ,7233,11
PE,1415,12
MG,7301,9
MS,5151,1
SC,3542,46
TO,1222,1
BA,2533,4
CE,2123,14
GO,3121,43
MA,5201,45
PI,1422,8
CE,9511,3
SP,6201,22
SC,4122,9
PR,2144,1
PR,2145,11
PR,4231,3
ES,4223,13
MG,7111,5
BA,2516,3
SC,7152,21
CE,1227,5
PE,3513,30
CE,1425,21
SE,1210,9
RJ,9922,13
CE,7153,4
RJ,2516,22
MS,6220,5
SC,1414,19
MG,9913,18
RS,8483,5
SE,3172,6
BA,7102,9
PR,3543,12
MG,3744,6
CE,8612,10
SC,3131,6
PE,2624,7
RO,2410,24
PB,6231,1
AM,5121,10
PI,5174,13
PB,7823,3
PR,6410,28
ES,3912,2
PE,7155,9
PR,1234,2
AL,4231,10
DF,6220,8
GO,2534,11
RO,1426,10
DF,8485,9
DF,5121,6
SP,8117,1
DF,5103,1
SE,8212,1
PE,2533,1
PR,7831,20
MT,7245,1
SP,7221,1
RN,8611,9
SP,9112,14
SP,3184,7
PR,1312,3
RS,5133,1
MS,2410,9
MG,7101,2
ES,3514,4
RS,3546,3
CE,3252,1
SC,2321,3
DF,2544,1
SP,3731,17
PE,2032,3
RO,4141,2
BA,2531,12
RS,7151,5
SP,9102,8
DF,2144,9
TO,4142,1
MA,3121,5
MA,2523,13
BA,9541,1
MS,2221,2
DF,7244,1
DF,7321,7
RJ,1223,1
PB,2524,14
MG,9513,3
SP,7243,17
RJ,9144,6
BA,3241,1
PI,1426,1
AP,3532,8
MT,3513,4
RJ,7242,15
RR,3548,1
AL,2410,8
PR,4152,2
PI,3514,3
RJ,6230,10
MG,7244,11
ES,1311,1
PI,2533,1
SP,9921,3
RJ,8401,2
AL,2124,9
PE,3515,3
CE,2032,3
RS,9922,1
PR,8414,1
GO,5121,17
MG,7313,7
DF,5199,2
MT,2312,1
RJ,6210,10
PR,2534,12
PB,4223,10
PB,4213,2
MT,3411,2
PI,1425,7
AL,1114,7
RO,6231,2
MT,7841,4
PR,2032,9
MT,2526,4
RO,2153,1
MS,1311,2
PI,1144,1
BA,9999,1
RJ,8233,5
PB,5141,2
MA,2524,3
TO,3172,5
MG,4152,1
MA,3171,7
RR,2512,1
MG,8117,1
AL,1425,3
AP,1231,2
DF,5164,1
PR,7711,2
CE,3144,6
MA,2531,5
RJ,3117,1
ES,5199,3
DF,3421,2
SC,3744,7
SC,6410,4
TO,4241,4
PR,3111,3
TO,7111,1
SP,8481,1
SP,3221,2
RR,6220,1
PE,3732,1
SP,3211,3
RS,9501,2
RN,2237,1
CE,3721,2
PB,5142,3
MG,8416,1
GO,2313,2
TO,3011,1
PR,2348,3
BA,3111,1
AC,1210,1
RR,7823,4
TO,1425,4
PR,2424,1
PA,3515,1
IGNORADO,7156,1
RJ,3181,2
MA,9101,1
MS,7163,1
RS,3224,2
RR,7152,1
RN,1236,1
BA,6313,1
PR,5193,7
MG,2615,1
PR,1236,4
MS,5174,2
PR,3251,1
PI,4142,1
MT,8621,1
RO,1427,1
PE,7662,1
RN,2534,2
CE,5166,1
MG,7250,4
PI,2711,1
AP,4201,2
PA,6321,1
ES,3132,1
MG,1238,2
AM,2112,3
RS,6221,2
RJ,3732,2
MG,6326,1
RS,2515,3
AP,5103,1
RS,2234,1
PR,7112,1
CE,9101,1
BA,9111,1
PR,7151,5
PA,6210,1
RN,1233,1
ES,3224,1
AL,1210,1
PE,2144,4
PR,5164,1
MA,1115,2
RJ,2614,2
MG,5115,1
SE,3211,1
MT,7821,1
SP,3148,3
AP,2237,1
AP,2611,1
ES,2031,1
AL,3123,1
TO,3185,2
SP,8414,2
RN,3412,1
AM,1422,1
MT,7156,1
MT,2111,2
SP,7734,1
GO,2147,1
MA,2515,1
RO,1416,1
AC,6220,1
RS,5162,1
RJ,7101,1
RJ,3423,1
BA,7821,1
SC,5153,1
BA,6230,1
RS,1411,1
ES,2237,1
MG,3523,2
RO,1413,1
AM,2111,1
AM,2613,1
MT,3224,1
SC,7153,1
PI,3515,1
PI,3117,1
PB,5162,1
SC,5162,1
RO,3411,1
RR,3511,1
CE,3511,1
PA,2534,1
PB,2512,1
PE,1221,1
AM,7825,1
SP,4110,31544
SP,4132,53896
ES,7825,214
DF,2124,566
PA,4132,7025
GO,1417,926
SE,4132,2334
RS,1421,1639
SC,3111,1
SP,1426,1027
DF,1227,22
SC,1233,56
PR,2147,10
RS,4101,736
RJ,2141,68
SP,2141,296
DF,1423,744
SP,1210,703
MG,1425,384
MG,1423,2885
GO,2124,164
RS,1422,96
BA,4101,658
SP,5241,2450
DF,1237,1
RJ,2512,616
PE,2525,353
SC,1227,69
MG,5143,822
RO,4110,1283
TO,5143,45
AM,5143,42
RO,5141,84
BA,4122,42
PI,4213,87
AC,4122,3
ES,7170,18
PE,6410,4
SC,2525,1912
RJ,2527,61
ES,3517,183
PR,3541,879
RJ,5134,141
PA,6420,3
MG,9922,12
CE,7823,44
RJ,5201,405
RJ,3545,102
BA,3517,336
IGNORADO,5211,99
CE,4223,59
GO,2523,142
DF,5174,49
SP,5131,22
SC,3172,194
SC,4223,476
SP,3514,1120
BA,4142,1
SC,4141,17
RJ,7825,73
PB,4131,11
MG,5174,150
AC,7823,50
BA,7155,5
CE,8485,9
ES,5201,68
PI,4201,49
BA,2525,328
PR,3532,544
SC,4101,554
ES,3542,40
PR,3542,115
TO,2525,41
CE,2532,1188
GO,3545,171
RR,1423,14
PE,1421,977
DF,7825,17
AM,2124,43
PB,3172,13
SP,2394,249
RJ,4213,76
CE,2525,358
MT,4131,70
AC,4132,684
PR,3172,125
ES,5241,117
RN,1421,235
TO,2532,314
SP,2523,1261
TO,1421,172
SP,3222,124
RJ,2111,72
SP,3548,59
MG,2149,28
PB,5211,99
ES,3311,2
CE,7825,17
ES,6201,24
SC,2144,4
MT,2123,4
RJ,1426,75
RJ,1413,49
RS,1231,134
RJ,1412,44
BA,4213,16
GO,4223,188
PI,3115,2
RS,2313,43
DF,5132,18
MG,3003,2
PR,3341,15
BA,6210,22
PE,4201,24
CE,4131,91
SE,1426,13
SP,2615,23
SC,7610,8
GO,3542,86
SE,5211,65
MG,2512,171
RJ,2394,46
MG,1232,8
RJ,9511,50
RJ,3115,7
ES,2221,11
RO,4101,129
SC,7632,4
SP,4212,1
PI,3517,45
PE,4141,6
SP,3227,6
ES,2612,7
MT,7244,5
RJ,2612,83
SC,3421,18
MT,3172,36
RJ,7102,51
PB,2124,23
RS,2527,12
MT,3911,2
PA,4102,13
RS,1227,34
SC,5173,7
MT,4122,7
PR,2148,2
PA,2512,6
CE,4221,44
SP,3181,13
MG,5135,11
DF,8211,4
MA,5143,29
MT,7170,24
GO,6410,10
AL,3171,3
RO,2524,31
AL,5173,2
RR,4221,4
CE,5165,2
RS,3731,5
BA,1233,9
PE,5174,28
AP,3541,11
AC,4221,43
PR,3731,3
AM,2515,3
PE,4213,21
MG,2622,2
SP,3412,4
SP,9511,17
DF,2515,5
PR,9102,1
MG,7311,53
CE,3542,37
PR,2112,13
SC,2140,4
SP,1226,11
RN,4223,4
RO,4223,3
IGNORADO,3144,4
AL,4223,13
MG,3171,113
CE,2531,14
AC,4222,28
MG,3731,4
RS,1412,17
AL,2521,18
DF,2527,20
RS,3545,51
TO,2124,13
AP,1424,1
MT,1311,11
TO,4102,24
GO,8601,2
SE,8417,1
RJ,3224,5
RN,1231,12
SE,4223,42
ES,2346,3
PE,2031,2
RJ,2613,28
CE,2141,17
MT,7823,23
CE,3121,12
MA,3532,33
PE,5141,14
RR,3517,9
PE,1414,15
RO,3912,8
MS,2124,30
RJ,3312,14
SC,3185,21
IGNORADO,3541,7
SP,1415,67
AC,4101,63
SP,7112,2
SC,3132,20
SP,7223,4
RS,4122,30
RJ,2631,1
CE,6231,28
MS,6410,23
SP,7831,7
PI,1231,9
MG,5162,1
PB,4201,4
SC,6220,25
PB,7170,7
BA,5135,9
MG,6230,1
SP,9503,12
MA,9131,1
ES,3511,5
RS,1426,15
BA,4201,24
RN,4121,4
SE,8483,1
AM,2534,1
ES,7112,1
GO,7156,17
RJ,2237,8
MG,3544,10
PE,7254,1
DF,3912,10
RJ,3731,3
CE,1231,37
MT,4142,1
AC,5132,5
CE,2111,7
SP,4242,1
MG,1115,34
GO,1312,1
SE,1425,6
PA,8484,1
ES,7822,2
PE,7166,2
MG,2147,12
PA,7152,5
RJ,7165,4
PE,3911,4
BA,3515,6
CE,3115,24
MS,2153,1
RJ,1415,17
SP,3523,7
RJ,4121,14
PA,2221,9
SE,7842,7
MS,7823,3
MA,3514,1
AP,1422,3
SC,3003,1
GO,2149,1
SP,3751,3
RJ,8232,1
BA,3211,5
SC,4222,3
PB,7241,2
AL,4102,3
MG,2516,6
MT,2141,8
SP,7661,6
CE,3132,8
RJ,3751,1
SP,8181,6
MS,1231,6
RN,7151,1
SE,8131,4
ES,2153,10
BA,5131,2
ES,2321,2
AM,2516,3
PA,4201,2
PE,4241,1
MG,9144,5
RO,1142,1
PI,2531,2
SP,5164,1
PE,7212,2
DF,5111,23
BA,2412,5
SC,3546,4
GO,1424,6
GO,2221,3
RJ,7113,2
RN,5134,1
RJ,2148,6
RJ,2241,9
CE,5199,2
RN,1414,2
CE,1424,13
DF,1232,1
AM,4213,2
PB,3515,3
AM,1426,2
SC,3951,2
TO,3513,2
SP,7651,6
SC,2251,3
PE,2615,1
PE,2234,3
MS,9999,3
GO,8621,3
RJ,2511,3
DF,4142,4
MT,3522,1
MS,6230,4
SC,6231,3
SC,3511,9
AP,2124,1
PE,5199,4
SP,3117,3
CE,7112,7
RN,1422,5
RO,2531,1
MA,3542,7
SE,1414,5
SP,7701,1
RJ,1237,8
TO,2221,3
PA,3211,1
RN,2612,1
RS,2711,2
MT,7654,2
AC,2524,3
GO,3141,4
PA,3548,4
CE,3133,2
CE,1236,3
PR,7157,2
BA,5133,3
PE,2331,1
AM,3172,5
SE,7102,1
SC,9921,1
ES,5135,1
DF,9144,2
RS,7241,1
MT,7101,5
PR,3546,4
RN,5135,3
PR,8485,2
RS,8485,3
MS,3516,2
DF,2394,1
AM,3732,1
RS,3312,1
PR,7241,2
CE,3421,1
PR,2321,4
PI,2534,1
SC,8601,1
MA,9192,1
BA,3411,1
PB,3912,1
RR,4131,1
GO,7166,5
PI,2611,1
RS,7161,1
GO,4212,1
SP,8623,2
RR,4122,1
SC,3184,3
DF,3181,1
AL,1233,2
RJ,7661,1
TO,8601,1
BA,2527,1
MT,3133,1
MT,9102,1
GO,1415,1
ES,7841,1
CE,3211,1
SP,2622,1
BA,4152,1
SP,2511,2
SP,2012,1
BA,4241,5
PR,8131,1
RJ,7311,1
AP,2526,1
MT,3180,1
MT,3184,1
ES,2331,1
RJ,2331,1
ES,2534,1
PE,9101,1
SP,2145,1
PI,2612,1
PE,9511,1
BA,9511,1
BA,3546,2
PB,1424,1
RO,7102,2
MT,9922,1
RN,3516,1
RO,7121,1
TO,2413,2
PB,1416,1
PA,3511,1
RJ,8625,1
ES,2232,1
MT,2234,1
TO,2134,1
RS,7614,1
SC,9113,1
IGNORADO,4201,1
PR,7824,1
AP,9511,1
MA,5131,1
SC,4110,7360
MG,2532,6215
DF,4132,38114
SP,2124,31985
RJ,2532,6679
RJ,2142,153
CE,4132,9116
SE,1417,77
PR,2124,1452
RJ,1417,1685
RS,3144,966
PR,2525,2635
ES,2523,95
DF,2532,984
SP,2624,739
PE,1417,503
PR,1311,27
AL,2532,337
MT,4132,4223
PR,2345,292
SP,1311,119
PR,2410,290
RN,1417,128
PE,2512,30
SP,2149,239
SP,2526,111
SP,4221,833
PI,4110,464
PE,4110,1798
SP,6210,188
AC,5143,448
MT,5211,183
DF,3541,297
PA,5143,36
SC,3541,921
CE,9144,4
DF,4223,354
RN,5174,20
SC,5241,138
PB,3171,8
RJ,5171,7
AL,7170,71
RS,4221,200
SP,5199,46
GO,4213,106
SC,3517,648
PE,3517,312
DF,3517,286
SE,7823,4
GO,7170,96
CE,3117,18
PR,2523,154
BA,6231,15
MT,4221,60
CE,7152,53
SP,5165,23
SP,2515,23
MS,1423,193
RJ,7827,280
PE,4101,330
GO,7152,53
MG,3172,175
BA,1421,1411
RJ,7170,162
SP,7102,118
RS,5201,328
PE,2521,254
SP,5134,540
RS,3912,62
CE,5201,156
SP,4211,276
MG,2527,104
SP,5132,124
TO,4132,1336
PR,2522,454
MS,3515,15
RN,2124,11
MS,2521,92
ES,9144,89
ES,7102,6
ES,1231,43
AM,1423,116
SP,2527,732
PE,3171,13
BA,5201,195
RJ,5121,20
SP,4231,7
SC,2521,580
RO,1425,21
SC,4151,2
CE,1423,394
MT,2410,42
GO,1422,34
SC,2151,1
MT,2522,69
PE,1425,41
MT,2134,2
RJ,2624,59
MA,2521,39
ES,2525,135
PE,1231,35
SP,3321,13
MG,3515,40
RN,1423,93
DF,2141,98
RJ,1238,21
PI,2153,1
RO,2142,8
PR,1227,37
SP,4122,183
MG,5165,3
PR,5142,28
PI,3912,66
RS,4223,262
ES,6210,9
IGNORADO,4141,19
SP,3423,38
RN,7166,2
GO,2531,28
SP,5171,16
PI,1423,59
GO,4102,139
AM,1421,314
SE,4122,4
MG,5242,43
MG,3131,20
RJ,3131,149
AM,2522,25
SP,5242,6
RS,3514,78
SP,3115,45
SP,3133,73
MG,2544,3
PA,5241,36
TO,1423,54
ES,2522,123
RS,3131,4
MT,2515,1
PA,1234,1
GO,5134,48
PA,9999,14
SP,5135,75
AC,7832,29
RS,5174,33
RR,4213,3
RJ,5132,22
TO,3542,15
PB,3542,3
PR,4222,16
SP,2616,10
SC,3121,25
PR,2531,28
PR,1412,26
PE,3121,18
RN,2521,27
SC,8483,2
SP,2429,4
SC,1237,2
SC,1144,36
SE,2141,4
PE,1210,15
MG,7156,58
PR,5141,91
SC,7827,20
PB,7156,2
GO,4141,46
SC,3548,5
MS,4213,6
RN,1425,4
DF,2531,25
GO,2153,42
MT,1412,17
RS,7630,7
SC,2143,9
RJ,1222,2
AL,2142,24
RO,4221,20
BA,2534,3
MS,6210,28
CE,7612,2
TO,2521,10
PA,3517,48
MG,5191,17
AC,3541,35
IGNORADO,8485,29
MG,7823,81
RO,2512,10
GO,1427,8
DF,2332,5
DF,1422,41
MG,2221,15
MS,3133,2
SP,5136,11
GO,7631,1
RS,7202,1
MG,2143,20
RJ,8281,3
CE,7832,5
PI,7832,1
MG,7154,6
PI,4231,1
GO,5132,13
CE,7166,11
RO,9513,6
SP,4152,19
GO,8625,6
PE,1416,5
CE,5132,4
PR,2343,19
GO,3172,46
MT,4141,36
PR,5121,18
PE,2622,1
PR,3522,14
MG,2332,18
PB,2522,19
BA,3542,22
SE,3117,1
MS,3222,3
TO,3517,14
MT,6210,21
PA,4141,8
BA,7156,10
RS,5101,5
RN,2516,1
SP,9531,7
MT,4151,3
SC,9144,2
RO,1414,11
RS,2149,8
SP,1411,25
MS,4221,20
PE,4122,17
PR,7662,1
AM,5191,7
MG,6201,14
RR,5143,9
AM,1425,14
AC,2410,2
MT,7102,4
MA,1141,1
MT,3516,12
BA,1312,2
ES,1424,6
PR,7841,1
CE,7632,4
PA,2032,2
DF,7842,3
SC,3513,19
PB,2111,2
RS,2618,4
AL,5142,9
PE,7701,1
SC,3422,12
RN,1416,1
PA,3222,3
MA,1210,7
MG,3411,17
MA,2153,3
MA,2516,4
RN,7152,14
PI,2123,2
RJ,7321,5
MA,2132,2
PR,5134,23
CE,4142,3
MG,7233,7
MG,6226,1
RO,1227,8
PB,2612,6
SP,6420,1
CE,3543,2
PR,6220,21
DF,2534,4
RN,2410,10
SP,3524,4
DF,7155,6
RO,4122,5
BA,9101,1
ES,2234,3
PB,6220,4
SP,3134,11
RS,2236,1
AP,5173,2
MG,8211,8
MT,2143,5
MG,5133,4
MS,2141,10
BA,3911,6
ES,2611,5
MG,6410,11
PA,2533,13
AL,2522,9
RR,2525,9
AL,9131,4
SC,1313,1
TO,5121,4
AM,5141,3
SC,7643,1
RS,8411,1
RJ,2146,3
RJ,9191,3
BA,7822,2
PR,5191,12
MT,5162,2
PA,3411,2
AC,5201,4
DF,4121,10
CE,4141,16
PI,1414,6
PR,2235,12
RJ,2234,2
ES,6220,20
MA,1233,4
BA,5121,4
RR,5211,2
GO,3516,12
MG,2526,16
AM,3548,4
RJ,5153,1
SP,3186,6
SC,2342,1
PA,2251,4
PE,7156,2
PA,5191,5
TO,3133,1
AL,1422,3
DF,6201,1
ES,5173,9
MG,3543,11
RN,6201,3
AL,4201,4
MA,4131,8
MG,8481,1
ES,5132,3
GO,2611,3
RJ,5163,7
PA,4122,13
PR,2341,2
PR,7101,3
RO,5142,1
PR,7721,2
BA,1115,3
PA,6220,3
PR,3221,4
DF,7832,1
RR,1231,3
PE,5163,1
ES,5191,4
GO,4121,3
GO,7832,6
MA,5121,3
TO,9113,3
RJ,7841,1
DF,7233,2
RJ,9503,2
PB,4141,2
SC,2148,1
AL,6231,3
MA,4102,5
GO,7112,2
RS,9144,4
RN,3172,9
SP,7411,1
SC,5243,2
MT,4121,2
SP,2613,11
SP,8111,1
PR,5151,2
SC,3543,2
MS,5131,1
GO,2526,5
MS,1210,3
AM,2410,6
AL,5133,1
MT,9503,1
AC,2523,2
SC,8118,2
PB,2531,5
ES,7250,2
PB,2523,9
MA,7102,4
AC,7825,2
SC,9143,1
AM,3547,1
SE,3121,4
BA,7165,3
ES,3134,2
PE,3511,3
SC,2235,2
ES,2313,3
BA,5163,1
RJ,2031,2
MT,9501,1
DF,1223,2
MS,3544,1
MT,7166,2
AM,1412,1
AC,4201,4
SC,9922,1
CE,1311,1
AP,5121,2
PR,2511,1
RO,2534,2
MG,9141,3
BA,3123,2
MG,3547,1
CE,1112,2
PR,1112,1
SC,7734,2
BA,7111,3
PA,5135,1
SP,8214,2
MT,9999,1
PE,2628,1
BA,1311,2
CE,3744,2
BA,7153,1
SE,7618,2
SC,7214,1
AM,5173,2
SP,8232,1
PI,6231,1
PR,7166,1
AP,3514,1
PI,2523,3
PE,2233,1
SC,7321,1
PR,2342,1
GO,3547,1
PR,5163,1
RJ,9142,1
PR,7211,1
RO,2234,1
IGNORADO,3912,1
TO,3411,1
IGNORADO,9511,1
PE,3211,1
CE,2031,1
RS,2235,1
MG,8233,1
AL,3172,1
BA,1413,2
PA,3423,1
SP,3711,1
GO,7633,1
RS,5231,1
CE,3548,1
ES,7154,1
MG,5201,425
AM,1417,228
SP,2521,15588
SP,2123,2648
SP,4201,1190
RJ,4132,16468
RJ,1210,149
SP,3532,2558
BA,4132,10619
AM,4132,1804
MA,4101,160
SP,1231,1905
ES,1417,975
RS,4201,57
RO,1417,445
SP,1416,141
RJ,2144,32
DF,2523,110
SP,3513,178
PR,2532,7755
GO,1423,747
RJ,1425,293
RJ,5199,724
SP,1427,304
SP,1424,296
SP,2153,183
DF,2221,25
MG,2410,436
BA,1227,13
PA,2525,400
PA,2523,21
PE,6220,4
BA,4110,2026
AM,5211,77
TO,2123,3
BA,7170,59
ES,6221,291
MT,3541,197
SP,4131,1650
PA,5162,23
CE,3517,200
CE,4121,22
PR,4213,366
RO,2525,254
MS,6201,12
PR,3517,816
PR,5201,263
RJ,3143,45
RO,3532,76
RS,5142,24
PE,7823,65
GO,5191,12
SC,4131,235
RO,2523,27
MG,3516,58
GO,3517,271
RJ,4122,152
SC,1422,82
MT,2124,94
DF,5201,105
GO,4101,366
SE,4131,19
PR,5152,3
DF,2522,187
RJ,3532,591
GO,1421,907
MG,6321,4
MG,9531,1
MS,4101,161
GO,3411,8
RJ,2533,168
PR,4102,293
SP,3543,101
CE,2522,203
MS,1421,368
SP,8601,83
SP,7662,11
PE,7152,32
PE,5151,146
CE,7170,114
RS,5121,16
CE,3513,32
RO,1422,15
GO,1210,21
RS,4102,218
PE,1227,4
RJ,2123,155
RS,1221,2
PI,5143,45
GO,3181,2
BA,5173,22
PE,4142,6
MA,5134,11
SE,5201,29
PB,2521,20
BA,2522,99
DF,7823,53
GO,2312,60
MG,3144,40
RJ,2515,17
GO,7102,23
RJ,8611,14
SP,7166,17
DF,9913,2
SP,3547,64
RO,1231,21
SC,4221,112
MA,2525,41
RJ,5173,17
MT,5143,119
RS,5141,25
PR,7170,41
GO,4122,16
RJ,4222,68
RJ,3542,134
PI,2522,13
SP,9999,54
RS,5134,14
CE,5173,22
RJ,3003,77
PR,2149,15
MS,7151,6
PR,2346,2
PR,8301,2
RJ,2235,45
MG,3187,11
RJ,1313,13
RJ,8131,1
RS,7832,3
BA,7825,9
PE,2141,49
RS,2321,62
RJ,7842,16
GO,3911,9
CE,2523,40
ES,6230,3
MG,3511,27
RS,2332,2
MG,3522,36
TO,7152,6
GO,7825,28
PR,2232,2
PE,1223,2
PE,2412,10
MT,2153,17
ES,7243,26
MT,5141,25
PR,2533,27
DF,5101,1
BA,1231,14
PE,3912,13
MT,1411,7
SP,3763,1
RS,2153,18
CE,4231,7
CE,8601,2
SP,9101,24
RJ,9999,38
PB,1425,4
SP,1225,2
AC,3545,4
ES,5174,24
RS,7153,6
MT,7154,2
PE,1115,7
MS,5201,26
BA,4121,4
MA,7152,15
PE,7153,4
RJ,3141,12
PA,4211,16
ES,2142,27
AM,7170,5
SE,2521,18
ES,4211,14
RO,3172,30
RS,4121,18
PR,6210,21
PR,3132,20
MT,2527,11
RN,3532,18
MG,2515,5
PA,2233,6
SP,3413,2
SP,5152,6
PI,2410,13
PA,7151,6
RJ,5191,17
CE,2527,11
PE,2252,6
PR,5132,12
RS,1224,2
RO,6233,2
MG,3185,5
CE,2512,30
PE,7842,8
MG,2032,17
BA,2526,4
SP,2034,5
BA,5132,15
PA,4121,5
RR,9921,3
PE,1112,1
BA,3522,16
SE,3188,1
PE,2143,4
TO,5162,1
MT,4223,27
RO,7832,4
SP,3741,3
MT,1427,1
PE,7255,2
SP,2234,4
AM,5134,5
SC,8485,4
SP,6301,3
AL,4122,9
PI,7842,8
GO,5141,13
RJ,2313,17
GO,1426,16
RJ,2151,2
MS,1414,4
TO,7823,8
BA,8485,9
RO,7825,2
GO,7661,1
RS,4241,2
ES,4222,11
PI,2142,18
PE,2531,12
ES,1224,2
SP,9131,10
GO,9144,6
ES,1312,6
ES,1227,4
AM,5142,9
AM,3751,1
MG,3312,2
AL,3515,2
ES,1427,8
MS,3172,12
DF,2237,1
MT,7822,3
RJ,1311,17
SP,2253,1
SP,3426,5
RS,1237,1
MS,1227,3
CE,2613,1
MA,4201,2
PI,3545,11
AP,4121,1
MG,2251,7
RN,5142,5
ES,5134,9
TO,4122,6
AM,3222,2
RO,2122,1
PA,2531,3
AM,4121,2
DF,6231,2
TO,9101,3
AC,2124,2
DF,1112,7
PI,3516,3
DF,4222,7
SE,7825,1
PE,5171,3
AC,4102,5
SC,5136,3
MG,3425,5
PB,3133,3
MG,2543,4
AC,6110,1
SC,5133,2
BA,7166,5
AL,1414,2
ES,9101,5
PE,2515,4
AM,2123,1
MG,2148,2
ES,7631,1
SP,6226,4
SC,4121,3
SC,1411,3
SP,2345,2
MT,3161,2
MG,2611,9
SP,3331,1
PA,1311,2
RJ,2035,1
PE,3117,5
ES,2615,3
MG,2132,1
AL,1311,2
RR,5142,1
RR,2149,1
SC,2616,1
RS,5151,2
PA,2123,5
RO,6230,2
GO,1222,2
RR,2522,6
MT,3546,2
RS,6201,2
AL,9922,1
GO,5111,1
DF,7841,3
MG,7213,1
ES,2394,5
ES,8621,2
RO,2526,1
AL,7842,5
DF,7822,2
GO,8485,1
ES,2112,5
DF,1115,4
PE,3132,2
PI,6410,3
CE,3131,4
ES,7741,1
CE,1115,9
RJ,4153,2
RR,5173,1
RS,3544,3
RO,3121,3
DF,7156,2
MG,1415,4
SC,3751,2
ES,3341,1
PE,7251,1
SP,7165,2
MG,7122,2
CE,5101,1
RJ,8612,2
RO,3133,1
MG,1224,2
PE,2122,3
RJ,7631,4
RN,7156,1
ES,5162,2
PR,2621,1
CE,5131,2
AL,6220,1
GO,9501,1
RJ,2211,9
DF,6210,2
BA,3163,1
TO,2612,2
ES,2616,1
DF,8214,1
MT,5112,1
BA,6410,3
PE,7112,2
AP,1414,2
CE,1225,1
RO,5173,1
DF,9111,1
TO,9191,1
MG,9112,1
RS,7242,1
BA,3321,1
MG,7841,2
PA,3514,1
DF,4231,1
MT,3131,1
MG,7161,1
SP,7250,1
PI,1233,4
TO,3515,1
CE,1234,1
PE,3721,1
MG,2212,1
PE,3123,2
AC,1422,3
CE,3242,1
MT,7114,1
MT,2711,1
MG,3161,2
TO,2143,1
MA,4223,4
SP,2617,1
MT,5242,1
PB,5134,1
TO,9131,1
SP,7610,1
SC,5152,1
MA,5103,1
SC,3242,1
AC,5135,1
CE,2611,1
PB,5101,1
PE,2222,1
SP,3163,2
GO,2613,1
AM,3511,1
CE,1413,2
RN,6231,2
CE,9191,1
AM,1233,1
DF,5242,1
PA,1232,1
MA,8281,1
RS,2615,1
GO,5133,1
RJ,2344,1
RJ,9513,1
DF,1415,1
PE,2313,1
SP,2532,34978
DF,2525,2384
MG,4132,25806
SP,2111,1297
MT,1417,725
RJ,2122,63
ES,2124,404
RS,4132,22412
SP,2112,618
SP,4101,4840
DF,3513,187
ES,2410,83
PA,1421,632
RS,2525,2019
BA,2532,2501
MG,2522,860
MS,2532,1524
PR,1421,2247
MG,3541,1104
PE,1423,523
SP,1413,168
CE,1210,18
DF,2410,438
SC,2410,203
SP,2251,50
MG,1424,95
RS,2412,10
RS,3532,405
MG,4121,332
MA,4110,871
MS,4110,958
MT,4110,1855
GO,5211,381
RJ,4223,369
MG,4151,14
RN,5241,104
RJ,4211,297
RJ,5211,1490
SP,4141,275
RJ,3311,6
RO,5143,76
PI,2521,26
AC,7824,167
PR,4141,65
RJ,7832,60
MA,3517,34
RJ,7241,19
RS,2612,40
DF,5191,14
MT,4211,17
PA,3541,159
SP,7244,20
MT,2525,469
RN,3541,103
RS,7823,46
GO,7823,111
MG,2521,953
IGNORADO,1414,33
SC,7245,5
MG,9511,25
SP,3141,12
SC,2111,8
SP,3123,37
MT,1422,32
PE,2532,1718
PR,2624,33
CE,2524,72
AC,2532,129
MG,2612,52
DF,2235,37
MA,1421,454
AM,3532,46
PR,4201,114
SP,2534,124
PR,2512,129
SC,8611,11
SP,2143,233
GO,5174,51
RN,4101,61
MG,7321,10
RR,2533,24
PE,3222,123
MT,7152,14
MS,3545,26
PA,2124,275
RJ,3513,55
SC,1210,83
RO,1233,1
RS,1311,23
RJ,1114,21
DF,2412,59
RJ,1233,81
PI,5121,2
PI,8131,1
PE,4131,118
MS,3541,92
RN,3545,10
RS,6231,15
ES,5143,90
MG,6220,49
MG,3721,2
MT,4213,28
PR,2241,10
SC,2221,6
MG,2153,77
AM,4102,8
SE,2522,3
CE,3171,26
ES,3143,4
PR,1422,85
MT,5241,47
PR,2140,5
PR,4122,15
SP,2140,69
CE,1426,3
PA,8411,17
DF,4141,14
GO,1414,12
DF,7152,21
SP,5153,20
TO,2142,10
RJ,2412,21
RO,7152,4
PA,3545,22
PI,4221,85
AL,4101,72
MT,5142,6
PA,5134,5
PB,4211,13
MG,5141,17
ES,4131,82
PB,5201,67
RJ,7243,36
ES,1115,5
CE,3181,1
SE,3532,9
RS,3547,1
DF,1224,3
PE,1426,3
PA,2142,58
GO,6220,20
AL,3517,14
MA,7823,11
SP,7241,7
ES,2527,15
SP,6110,2
CE,7233,21
PR,5174,45
MG,3518,11
IGNORADO,4132,16
IGNORADO,7823,5
RS,3311,18
TO,2410,12
MA,2522,16
PR,1414,17
DF,4213,18
PA,2143,9
CE,3911,9
RR,1417,35
PE,3722,3
SP,2237,39
RN,2624,1
RJ,2513,11
RN,2142,16
PR,1233,22
SC,3423,3
MG,7166,14
MG,3222,13
SP,2151,14
GO,3515,14
RS,3911,15
MT,3542,12
GO,1112,8
SP,7824,67
MS,3513,3
TO,7170,16
DF,7154,1
MT,1413,3
MG,1112,10
RJ,6321,10
SC,5141,52
BA,1427,4
RS,6410,2
MA,3511,11
RJ,2332,32
RJ,3951,20
RJ,2429,2
AM,4211,30
SP,7631,7
SP,2146,3
SP,7832,25
GO,2311,26
SC,2612,12
ES,3911,21
RJ,5103,8
PR,1415,1
SP,1221,6
AL,5199,13
ES,7842,5
IGNORADO,7170,7
PR,3211,10
PE,5112,2
RS,3548,5
PB,5143,22
ES,3421,7
MG,8484,14
AC,3132,30
ES,3513,4
PE,2238,1
SP,5192,1
MT,6301,5
RS,1232,5
PE,4231,1
IGNORADO,4142,13
PE,5132,18
AL,4131,10
GO,1413,4
RO,1311,1
SP,5151,7
PE,2232,9
AL,1231,14
SC,1112,1
AP,5143,6
GO,4231,2
ES,7813,3
SE,3912,2
SP,9141,16
AC,1423,16
MA,8414,4
RN,3542,6
AM,3545,3
BA,2313,17
DF,2611,8
AM,2524,17
MS,5142,7
MA,4122,10
CE,6201,2
AL,5191,4
SP,8401,12
GO,3133,6
DF,1416,3
ES,1414,7
MG,5163,1
SP,5112,10
SE,7633,3
RS,2144,8
MT,5134,12
RS,4222,24
AM,4142,16
SP,7161,3
RJ,6220,20
GO,2515,1
BA,2233,2
BA,2512,15
RO,5241,2
AC,2525,15
BA,3523,1
MA,7153,4
MG,2134,5
BA,5191,9
MG,7731,3
MT,4201,9
SP,7257,4
DF,3121,12
MS,1422,9
BA,1425,12
SP,7614,2
SP,2035,8
PE,2236,1
TO,6410,5
BA,3131,10
AM,7827,2
RJ,1224,4
DF,4152,3
RO,7321,5
PB,1414,4
BA,3514,13
RN,1427,5
PB,3545,4
AM,2531,3
PE,3111,5
AL,3514,3
PR,3424,11
PA,3171,1
GO,3185,4
SP,8611,10
MS,2241,1
BA,3312,4
RJ,2132,1
MT,6201,6
TO,8485,3
ES,5131,1
MG,3741,6
SP,8131,7
RS,7102,5
MG,1237,4
TO,1227,2
ES,2141,11
GO,3722,5
PA,5242,1
SP,3242,1
DF,9102,1
AC,1231,5
MT,1112,2
MG,9541,5
MG,7604,2
PB,2412,3
RS,2534,3
TO,2153,2
SE,3515,2
PR,2237,6
MA,3548,1
BA,3224,1
RS,7164,7
PA,8281,6
PA,3185,1
MS,2122,7
PB,1311,1
RR,2531,1
PI,5241,6
GO,7154,1
AL,5101,3
RR,4201,1
BA,2146,2
SP,7663,3
SE,5199,4
AP,4131,2
MA,3222,1
PR,3181,2
DF,2134,5
MT,3511,2
RJ,5111,2
BA,7154,3
PR,2221,4
MA,5163,1
SE,3132,1
DF,7313,1
DF,3515,3
RS,5199,4
PR,5133,4
GO,2144,2
BA,3186,1
RR,1115,1
IGNORADO,1417,3
SC,5163,3
MS,3171,3
PA,7243,2
SP,3111,3
SC,2032,5
RO,3222,1
PR,2429,1
GO,5136,2
SP,2626,1
RR,1422,1
PI,5141,3
PB,2534,1
RS,7631,5
AP,2525,4
AM,1210,4
GO,2332,4
MS,2112,1
MS,2526,1
SP,7623,1
GO,2032,2
SC,5101,4
CE,1411,1
RJ,7301,1
BA,1426,1
GO,4222,5
RN,1424,1
TO,3522,1
RJ,7824,2
GO,7243,1
SP,2132,3
MA,1415,1
ES,5121,2
MS,5243,1
TO,2624,1
DF,8621,1
GO,7242,1
ES,3544,2
CE,5103,5
AP,2521,2
MT,3163,1
SC,7255,1
MG,7632,3
BA,2031,1
PB,3546,1
RN,1227,3
BA,6201,2
SP,3001,3
AL,7827,1
PB,1227,1
DF,7166,1
SP,6430,1
RN,1115,2
TO,1232,1
TO,2140,1
RO,3513,1
RJ,6201,2
RO,6220,1
RO,1424,2
DF,3252,1
MT,3518,1
PA,7832,1
CE,3546,2
CE,7822,2
PR,6231,2
CE,1114,1
TO,6220,2
SP,3721,3
PE,1413,1
RJ,9131,2
RO,3132,3
RJ,1225,1
MA,7156,1
BA,2235,6
MG,6233,1
GO,2321,1
AP,2512,1
MG,8401,1
DF,3187,1
DF,8414,1
MS,1416,2
MS,7152,1
CE,1226,1
AL,3912,1
SC,7212,1
SC,7312,1
PE,6313,1
GO,3423,1
ES,2516,1
DF,6233,1
PA,7170,1
AM,2526,1
SP,7164,1
PB,7842,1
PE,7241,2
CE,7243,1
RN,5173,1
ES,3543,1
AC,9144,1
AP,2523,1
PR,3547,1